{
  "best_model": "lr",
  "best_score": 0.9755153002833435,
  "all_results": {
    "nb": 0.9610058485993992,
    "lr": 0.9755153002833435,
    "svm": 0.9746460657063512
  }
}